rank,uid,title,year,venue,url,problem_claimed,actual_mechanism,hidden_assumptions,variables_treated_as_fixed,failure_modes_ignored,what_it_makes_less_novel,what_it_leaves_open
1,doi:10.20944/preprints202601.0682.v1,PI-VLA: A Symmetry-Aware Predictive and Interactive Vision--Language--Action Framework for Robust Robotic Manipulation,,,https://doi.org/10.20944/preprints202601.0682.v1,Addresses interactive world models or a neighboring robotics mechanism.,"Prior work usually predicts, ranks, filters, or imitates observed behavior rather than preserving unrealized branches.",The observed outcome is enough to supervise the model.,"Contact mode support, embodiment limits, and deployment perturbations.","Branch collapse, hidden-mode shift, and tail-risk planning failures.",Generic world models and generic uncertainty are crowded.,Robotic belief revision under intervention keeps action-critical alternatives explicit until a physical observation collapses them.
2,doi:10.3390/sym18030394,PI-VLA: Adaptive Symmetry-Aware Decision-Making for Long-Horizon Vision–Language–Action Manipulation,2026,Symmetry,https://doi.org/10.3390/sym18030394,Addresses interactive world models or a neighboring robotics mechanism.,"Prior work usually predicts, ranks, filters, or imitates observed behavior rather than preserving unrealized branches.",The observed outcome is enough to supervise the model.,"Contact mode support, embodiment limits, and deployment perturbations.","Branch collapse, hidden-mode shift, and tail-risk planning failures.",Generic world models and generic uncertainty are crowded.,Robotic belief revision under intervention keeps action-critical alternatives explicit until a physical observation collapses them.
3,arxiv:2411.11844v3,Generative World Explorer,2024,arXiv,http://arxiv.org/abs/2411.11844v3,Addresses interactive world models or a neighboring robotics mechanism.,"Prior work usually predicts, ranks, filters, or imitates observed behavior rather than preserving unrealized branches.",The observed outcome is enough to supervise the model.,"Contact mode support, embodiment limits, and deployment perturbations.","Branch collapse, hidden-mode shift, and tail-risk planning failures.",Generic world models and generic uncertainty are crowded.,Robotic belief revision under intervention keeps action-critical alternatives explicit until a physical observation collapses them.
4,doi:10.1126/scirobotics.adp0751,Development of compositionality through interactive learning of language and action of robots,2025,Science Robotics,https://doi.org/10.1126/scirobotics.adp0751,Addresses interactive world models or a neighboring robotics mechanism.,"Prior work usually predicts, ranks, filters, or imitates observed behavior rather than preserving unrealized branches.",The observed outcome is enough to supervise the model.,"Contact mode support, embodiment limits, and deployment perturbations.","Branch collapse, hidden-mode shift, and tail-risk planning failures.",Generic world models and generic uncertainty are crowded.,Robotic belief revision under intervention keeps action-critical alternatives explicit until a physical observation collapses them.
5,arxiv:2605.08567v2,ACWM-Phys: Investigating Generalized Physical Interaction in Action-Conditioned Video World Models,2026,arXiv,http://arxiv.org/abs/2605.08567v2,Addresses interactive world models or a neighboring robotics mechanism.,"Prior work usually predicts, ranks, filters, or imitates observed behavior rather than preserving unrealized branches.",The observed outcome is enough to supervise the model.,"Contact mode support, embodiment limits, and deployment perturbations.","Branch collapse, hidden-mode shift, and tail-risk planning failures.",Generic world models and generic uncertainty are crowded.,Robotic belief revision under intervention keeps action-critical alternatives explicit until a physical observation collapses them.
6,doi:10.1002/lrh2.10293,Developing real‐world evidence from real‐world data: Transforming raw data into analytical datasets,2022,Learning Health Systems,https://doi.org/10.1002/lrh2.10293,Addresses interactive world models or a neighboring robotics mechanism.,"Prior work usually predicts, ranks, filters, or imitates observed behavior rather than preserving unrealized branches.",The observed outcome is enough to supervise the model.,"Contact mode support, embodiment limits, and deployment perturbations.","Branch collapse, hidden-mode shift, and tail-risk planning failures.",Generic world models and generic uncertainty are crowded.,Robotic belief revision under intervention keeps action-critical alternatives explicit until a physical observation collapses them.
7,arxiv:2601.07821v1,Failure-Aware RL: Reliable Offline-to-Online Reinforcement Learning with Self-Recovery for Real-World Manipulation,2026,arXiv,http://arxiv.org/abs/2601.07821v1,Addresses interactive world models or a neighboring robotics mechanism.,"Prior work usually predicts, ranks, filters, or imitates observed behavior rather than preserving unrealized branches.",The observed outcome is enough to supervise the model.,"Contact mode support, embodiment limits, and deployment perturbations.","Branch collapse, hidden-mode shift, and tail-risk planning failures.",Generic world models and generic uncertainty are crowded.,Robotic belief revision under intervention keeps action-critical alternatives explicit until a physical observation collapses them.
8,arxiv:2606.02562v1,Permissive Safety Through Trusted Inference: Verifiable Belief-Space Neural Safety Filters for Assured Interactive Robotics,2026,arXiv,http://arxiv.org/abs/2606.02562v1,Addresses interactive world models or a neighboring robotics mechanism.,"Prior work usually predicts, ranks, filters, or imitates observed behavior rather than preserving unrealized branches.",The observed outcome is enough to supervise the model.,"Contact mode support, embodiment limits, and deployment perturbations.","Branch collapse, hidden-mode shift, and tail-risk planning failures.",Generic world models and generic uncertainty are crowded.,Robotic belief revision under intervention keeps action-critical alternatives explicit until a physical observation collapses them.
9,doi:10.3390/polym12122813,Mode-Independent and Mode-Interactive Failure Criteria for Unidirectional Composites Based on Strain Energy Density,2020,Polymers,https://doi.org/10.3390/polym12122813,Addresses interactive world models or a neighboring robotics mechanism.,"Prior work usually predicts, ranks, filters, or imitates observed behavior rather than preserving unrealized branches.",The observed outcome is enough to supervise the model.,"Contact mode support, embodiment limits, and deployment perturbations.","Branch collapse, hidden-mode shift, and tail-risk planning failures.",Generic world models and generic uncertainty are crowded.,Robotic belief revision under intervention keeps action-critical alternatives explicit until a physical observation collapses them.
10,arxiv:2601.21282v1,WorldBench: Disambiguating Physics for Diagnostic Evaluation of World Models,2026,arXiv,http://arxiv.org/abs/2601.21282v1,Addresses interactive world models or a neighboring robotics mechanism.,"Prior work usually predicts, ranks, filters, or imitates observed behavior rather than preserving unrealized branches.",The observed outcome is enough to supervise the model.,"Contact mode support, embodiment limits, and deployment perturbations.","Branch collapse, hidden-mode shift, and tail-risk planning failures.",Generic world models and generic uncertainty are crowded.,Robotic belief revision under intervention keeps action-critical alternatives explicit until a physical observation collapses them.
11,arxiv:2301.05169v2,Causal Triplet: An Open Challenge for Intervention-centric Causal Representation Learning,2023,arXiv,http://arxiv.org/abs/2301.05169v2,Addresses interactive world models or a neighboring robotics mechanism.,"Prior work usually predicts, ranks, filters, or imitates observed behavior rather than preserving unrealized branches.",The observed outcome is enough to supervise the model.,"Contact mode support, embodiment limits, and deployment perturbations.","Branch collapse, hidden-mode shift, and tail-risk planning failures.",Generic world models and generic uncertainty are crowded.,Robotic belief revision under intervention keeps action-critical alternatives explicit until a physical observation collapses them.
12,arxiv:2604.21741v2,Hi-WM: Human-in-the-World-Model for Scalable Robot Post-Training,2026,arXiv,http://arxiv.org/abs/2604.21741v2,Addresses interactive world models or a neighboring robotics mechanism.,"Prior work usually predicts, ranks, filters, or imitates observed behavior rather than preserving unrealized branches.",The observed outcome is enough to supervise the model.,"Contact mode support, embodiment limits, and deployment perturbations.","Branch collapse, hidden-mode shift, and tail-risk planning failures.",Generic world models and generic uncertainty are crowded.,Robotic belief revision under intervention keeps action-critical alternatives explicit until a physical observation collapses them.
13,doi:10.1609/aaai.v39i27.35109,From Large Language Models to Large Action Models: Reasoning and Planning with Physical World Knowledge,2025,Proceedings of the AAAI Conference on Artificial Intelligence,https://doi.org/10.1609/aaai.v39i27.35109,Addresses interactive world models or a neighboring robotics mechanism.,"Prior work usually predicts, ranks, filters, or imitates observed behavior rather than preserving unrealized branches.",The observed outcome is enough to supervise the model.,"Contact mode support, embodiment limits, and deployment perturbations.","Branch collapse, hidden-mode shift, and tail-risk planning failures.",Generic world models and generic uncertainty are crowded.,Robotic belief revision under intervention keeps action-critical alternatives explicit until a physical observation collapses them.
14,doi:10.3390/nu17203223,Application of Artificial Intelligence Technologies as an Intervention for Promoting Healthy Eating and Nutrition in Older Adults: A Systematic Literature Review,2025,Nutrients,https://doi.org/10.3390/nu17203223,Addresses interactive world models or a neighboring robotics mechanism.,"Prior work usually predicts, ranks, filters, or imitates observed behavior rather than preserving unrealized branches.",The observed outcome is enough to supervise the model.,"Contact mode support, embodiment limits, and deployment perturbations.","Branch collapse, hidden-mode shift, and tail-risk planning failures.",Generic world models and generic uncertainty are crowded.,Robotic belief revision under intervention keeps action-critical alternatives explicit until a physical observation collapses them.
15,arxiv:2605.06222v2,When to Trust Imagination: Adaptive Action Execution for World Action Models,2026,arXiv,http://arxiv.org/abs/2605.06222v2,Addresses interactive world models or a neighboring robotics mechanism.,"Prior work usually predicts, ranks, filters, or imitates observed behavior rather than preserving unrealized branches.",The observed outcome is enough to supervise the model.,"Contact mode support, embodiment limits, and deployment perturbations.","Branch collapse, hidden-mode shift, and tail-risk planning failures.",Generic world models and generic uncertainty are crowded.,Robotic belief revision under intervention keeps action-critical alternatives explicit until a physical observation collapses them.
16,arxiv:2507.00917v3,A Survey: Learning Embodied Intelligence from Physical Simulators and World Models,2025,arXiv,http://arxiv.org/abs/2507.00917v3,Addresses interactive world models or a neighboring robotics mechanism.,"Prior work usually predicts, ranks, filters, or imitates observed behavior rather than preserving unrealized branches.",The observed outcome is enough to supervise the model.,"Contact mode support, embodiment limits, and deployment perturbations.","Branch collapse, hidden-mode shift, and tail-risk planning failures.",Generic world models and generic uncertainty are crowded.,Robotic belief revision under intervention keeps action-critical alternatives explicit until a physical observation collapses them.
17,arxiv:2605.03941v2,iWorld-Bench: A Benchmark for Interactive World Models with a Unified Action Generation Framework,2026,arXiv,http://arxiv.org/abs/2605.03941v2,Addresses interactive world models or a neighboring robotics mechanism.,"Prior work usually predicts, ranks, filters, or imitates observed behavior rather than preserving unrealized branches.",The observed outcome is enough to supervise the model.,"Contact mode support, embodiment limits, and deployment perturbations.","Branch collapse, hidden-mode shift, and tail-risk planning failures.",Generic world models and generic uncertainty are crowded.,Robotic belief revision under intervention keeps action-critical alternatives explicit until a physical observation collapses them.
18,arxiv:2509.19480v1,OmniVLA: An Omni-Modal Vision-Language-Action Model for Robot Navigation,2025,arXiv,http://arxiv.org/abs/2509.19480v1,Addresses interactive world models or a neighboring robotics mechanism.,"Prior work usually predicts, ranks, filters, or imitates observed behavior rather than preserving unrealized branches.",The observed outcome is enough to supervise the model.,"Contact mode support, embodiment limits, and deployment perturbations.","Branch collapse, hidden-mode shift, and tail-risk planning failures.",Generic world models and generic uncertainty are crowded.,Robotic belief revision under intervention keeps action-critical alternatives explicit until a physical observation collapses them.
19,arxiv:2602.17659v1,When Vision Overrides Language: Evaluating and Mitigating Counterfactual Failures in VLAs,2026,arXiv,http://arxiv.org/abs/2602.17659v1,Addresses interactive world models or a neighboring robotics mechanism.,"Prior work usually predicts, ranks, filters, or imitates observed behavior rather than preserving unrealized branches.",The observed outcome is enough to supervise the model.,"Contact mode support, embodiment limits, and deployment perturbations.","Branch collapse, hidden-mode shift, and tail-risk planning failures.",Generic world models and generic uncertainty are crowded.,Robotic belief revision under intervention keeps action-critical alternatives explicit until a physical observation collapses them.
20,doi:10.1017/epi.2024.61,Sexist Beliefs in a Sexist World: Exploring the Causal Role of Sexism in Sexist Beliefs,2025,Episteme,https://doi.org/10.1017/epi.2024.61,Addresses interactive world models or a neighboring robotics mechanism.,"Prior work usually predicts, ranks, filters, or imitates observed behavior rather than preserving unrealized branches.",The observed outcome is enough to supervise the model.,"Contact mode support, embodiment limits, and deployment perturbations.","Branch collapse, hidden-mode shift, and tail-risk planning failures.",Generic world models and generic uncertainty are crowded.,Robotic belief revision under intervention keeps action-critical alternatives explicit until a physical observation collapses them.
21,doi:10.20944/preprints202604.0503.v1,Learning the Physical World from Videos: A Prospective Study on World Models,,,https://doi.org/10.20944/preprints202604.0503.v1,Addresses interactive world models or a neighboring robotics mechanism.,"Prior work usually predicts, ranks, filters, or imitates observed behavior rather than preserving unrealized branches.",The observed outcome is enough to supervise the model.,"Contact mode support, embodiment limits, and deployment perturbations.","Branch collapse, hidden-mode shift, and tail-risk planning failures.",Generic world models and generic uncertainty are crowded.,Robotic belief revision under intervention keeps action-critical alternatives explicit until a physical observation collapses them.
22,arxiv:2402.01617v1,A GP-based Robust Motion Planning Framework for Agile Autonomous Robot Navigation and Recovery in Unknown Environments,2024,arXiv,http://arxiv.org/abs/2402.01617v1,Addresses interactive world models or a neighboring robotics mechanism.,"Prior work usually predicts, ranks, filters, or imitates observed behavior rather than preserving unrealized branches.",The observed outcome is enough to supervise the model.,"Contact mode support, embodiment limits, and deployment perturbations.","Branch collapse, hidden-mode shift, and tail-risk planning failures.",Generic world models and generic uncertainty are crowded.,Robotic belief revision under intervention keeps action-critical alternatives explicit until a physical observation collapses them.
23,arxiv:2606.01063v1,MindClaw: Closed-Loop Embodied Mental-State Reasoning for Precision Intervention,2026,arXiv,http://arxiv.org/abs/2606.01063v1,Addresses interactive world models or a neighboring robotics mechanism.,"Prior work usually predicts, ranks, filters, or imitates observed behavior rather than preserving unrealized branches.",The observed outcome is enough to supervise the model.,"Contact mode support, embodiment limits, and deployment perturbations.","Branch collapse, hidden-mode shift, and tail-risk planning failures.",Generic world models and generic uncertainty are crowded.,Robotic belief revision under intervention keeps action-critical alternatives explicit until a physical observation collapses them.
24,arxiv:2507.10776v1,rt-RISeg: Real-Time Model-Free Robot Interactive Segmentation for Active Instance-Level Object Understanding,2025,arXiv,http://arxiv.org/abs/2507.10776v1,Addresses interactive world models or a neighboring robotics mechanism.,"Prior work usually predicts, ranks, filters, or imitates observed behavior rather than preserving unrealized branches.",The observed outcome is enough to supervise the model.,"Contact mode support, embodiment limits, and deployment perturbations.","Branch collapse, hidden-mode shift, and tail-risk planning failures.",Generic world models and generic uncertainty are crowded.,Robotic belief revision under intervention keeps action-critical alternatives explicit until a physical observation collapses them.
25,doi:10.3390/robotics12010020,Tilt Correction of Panoramic Images for a Holistic Visual Homing Method with Planar-Motion Assumption,2023,Robotics,https://doi.org/10.3390/robotics12010020,Addresses interactive world models or a neighboring robotics mechanism.,"Prior work usually predicts, ranks, filters, or imitates observed behavior rather than preserving unrealized branches.",The observed outcome is enough to supervise the model.,"Contact mode support, embodiment limits, and deployment perturbations.","Branch collapse, hidden-mode shift, and tail-risk planning failures.",Generic world models and generic uncertainty are crowded.,Robotic belief revision under intervention keeps action-critical alternatives explicit until a physical observation collapses them.
26,doi:10.1038/s42256-024-00964-x,Causal chambers as a real-world physical testbed for AI methodology,2025,Nature Machine Intelligence,https://doi.org/10.1038/s42256-024-00964-x,Addresses interactive world models or a neighboring robotics mechanism.,"Prior work usually predicts, ranks, filters, or imitates observed behavior rather than preserving unrealized branches.",The observed outcome is enough to supervise the model.,"Contact mode support, embodiment limits, and deployment perturbations.","Branch collapse, hidden-mode shift, and tail-risk planning failures.",Generic world models and generic uncertainty are crowded.,Robotic belief revision under intervention keeps action-critical alternatives explicit until a physical observation collapses them.
27,doi:10.1002/ehf2.12665,Real-World Clinical Diagnostics of Heart Failure Patients With Reduced or Preserved Ejection Fraction,2020,ESC Heart Failure,https://doi.org/10.1002/ehf2.12665,Addresses interactive world models or a neighboring robotics mechanism.,"Prior work usually predicts, ranks, filters, or imitates observed behavior rather than preserving unrealized branches.",The observed outcome is enough to supervise the model.,"Contact mode support, embodiment limits, and deployment perturbations.","Branch collapse, hidden-mode shift, and tail-risk planning failures.",Generic world models and generic uncertainty are crowded.,Robotic belief revision under intervention keeps action-critical alternatives explicit until a physical observation collapses them.
28,doi:10.1016/j.cardfail.2024.08.034,Real-World Patient Eligibility for Transcatheter Tricuspid Valve Interventions: Translating Trials to Clinical Practice,2024,Journal of Cardiac Failure,https://doi.org/10.1016/j.cardfail.2024.08.034,Addresses interactive world models or a neighboring robotics mechanism.,"Prior work usually predicts, ranks, filters, or imitates observed behavior rather than preserving unrealized branches.",The observed outcome is enough to supervise the model.,"Contact mode support, embodiment limits, and deployment perturbations.","Branch collapse, hidden-mode shift, and tail-risk planning failures.",Generic world models and generic uncertainty are crowded.,Robotic belief revision under intervention keeps action-critical alternatives explicit until a physical observation collapses them.
29,arxiv:2402.11871v6,From Real World to Logic and Back: Learning Generalizable Relational Concepts For Long Horizon Robot Planning,2024,arXiv,http://arxiv.org/abs/2402.11871v6,Addresses interactive world models or a neighboring robotics mechanism.,"Prior work usually predicts, ranks, filters, or imitates observed behavior rather than preserving unrealized branches.",The observed outcome is enough to supervise the model.,"Contact mode support, embodiment limits, and deployment perturbations.","Branch collapse, hidden-mode shift, and tail-risk planning failures.",Generic world models and generic uncertainty are crowded.,Robotic belief revision under intervention keeps action-critical alternatives explicit until a physical observation collapses them.
30,doi:10.1609/aaai.v28i1.8865,PREGO: An Action Language for Belief-Based Cognitive Robotics in Continuous Domains,2014,Proceedings of the AAAI Conference on Artificial Intelligence,https://doi.org/10.1609/aaai.v28i1.8865,Addresses interactive world models or a neighboring robotics mechanism.,"Prior work usually predicts, ranks, filters, or imitates observed behavior rather than preserving unrealized branches.",The observed outcome is enough to supervise the model.,"Contact mode support, embodiment limits, and deployment perturbations.","Branch collapse, hidden-mode shift, and tail-risk planning failures.",Generic world models and generic uncertainty are crowded.,Robotic belief revision under intervention keeps action-critical alternatives explicit until a physical observation collapses them.
31,arxiv:2405.11458v1,CPS-LLM: Large Language Model based Safe Usage Plan Generator for Human-in-the-Loop Human-in-the-Plant Cyber-Physical System,2024,arXiv,http://arxiv.org/abs/2405.11458v1,Addresses interactive world models or a neighboring robotics mechanism.,"Prior work usually predicts, ranks, filters, or imitates observed behavior rather than preserving unrealized branches.",The observed outcome is enough to supervise the model.,"Contact mode support, embodiment limits, and deployment perturbations.","Branch collapse, hidden-mode shift, and tail-risk planning failures.",Generic world models and generic uncertainty are crowded.,Robotic belief revision under intervention keeps action-critical alternatives explicit until a physical observation collapses them.
32,doi:10.1002/aisy.202100047,Interactive Force Control Based on Multimodal Robot Skin for Physical Human−Robot Collaboration,2022,Advanced Intelligent Systems,https://doi.org/10.1002/aisy.202100047,Addresses interactive world models or a neighboring robotics mechanism.,"Prior work usually predicts, ranks, filters, or imitates observed behavior rather than preserving unrealized branches.",The observed outcome is enough to supervise the model.,"Contact mode support, embodiment limits, and deployment perturbations.","Branch collapse, hidden-mode shift, and tail-risk planning failures.",Generic world models and generic uncertainty are crowded.,Robotic belief revision under intervention keeps action-critical alternatives explicit until a physical observation collapses them.
33,arxiv:2605.27589v1,What-If World: A Causal Benchmark for General World Models in Embodied Scenarios,2026,arXiv,http://arxiv.org/abs/2605.27589v1,Addresses interactive world models or a neighboring robotics mechanism.,"Prior work usually predicts, ranks, filters, or imitates observed behavior rather than preserving unrealized branches.",The observed outcome is enough to supervise the model.,"Contact mode support, embodiment limits, and deployment perturbations.","Branch collapse, hidden-mode shift, and tail-risk planning failures.",Generic world models and generic uncertainty are crowded.,Robotic belief revision under intervention keeps action-critical alternatives explicit until a physical observation collapses them.
34,doi:10.3390/fi12110205,Failure Mode and Effect Analysis for Cyber-Physical Systems,2020,Future Internet,https://doi.org/10.3390/fi12110205,Addresses interactive world models or a neighboring robotics mechanism.,"Prior work usually predicts, ranks, filters, or imitates observed behavior rather than preserving unrealized branches.",The observed outcome is enough to supervise the model.,"Contact mode support, embodiment limits, and deployment perturbations.","Branch collapse, hidden-mode shift, and tail-risk planning failures.",Generic world models and generic uncertainty are crowded.,Robotic belief revision under intervention keeps action-critical alternatives explicit until a physical observation collapses them.
35,doi:10.3389/frobt.2022.733954,Perception is Only Real When Shared: A Mathematical Model for Collaborative Shared Perception in Human-Robot Interaction,2022,Frontiers in Robotics and AI,https://doi.org/10.3389/frobt.2022.733954,Addresses interactive world models or a neighboring robotics mechanism.,"Prior work usually predicts, ranks, filters, or imitates observed behavior rather than preserving unrealized branches.",The observed outcome is enough to supervise the model.,"Contact mode support, embodiment limits, and deployment perturbations.","Branch collapse, hidden-mode shift, and tail-risk planning failures.",Generic world models and generic uncertainty are crowded.,Robotic belief revision under intervention keeps action-critical alternatives explicit until a physical observation collapses them.
36,doi:10.1109/lra.2022.3156648,Interactive Multi-Modal Motion Planning With Branch Model Predictive Control,2022,IEEE Robotics and Automation Letters,https://doi.org/10.1109/lra.2022.3156648,Addresses interactive world models or a neighboring robotics mechanism.,"Prior work usually predicts, ranks, filters, or imitates observed behavior rather than preserving unrealized branches.",The observed outcome is enough to supervise the model.,"Contact mode support, embodiment limits, and deployment perturbations.","Branch collapse, hidden-mode shift, and tail-risk planning failures.",Generic world models and generic uncertainty are crowded.,Robotic belief revision under intervention keeps action-critical alternatives explicit until a physical observation collapses them.
37,arxiv:2502.05945v3,Head-Specific Intervention Can Induce Misaligned AI Coordination in Large Language Models,2025,arXiv,http://arxiv.org/abs/2502.05945v3,Addresses interactive world models or a neighboring robotics mechanism.,"Prior work usually predicts, ranks, filters, or imitates observed behavior rather than preserving unrealized branches.",The observed outcome is enough to supervise the model.,"Contact mode support, embodiment limits, and deployment perturbations.","Branch collapse, hidden-mode shift, and tail-risk planning failures.",Generic world models and generic uncertainty are crowded.,Robotic belief revision under intervention keeps action-critical alternatives explicit until a physical observation collapses them.
38,doi:10.1145/3461781,The Perceptual Belief Problem,2021,ACM Transactions on Human-Robot Interaction,https://doi.org/10.1145/3461781,Addresses interactive world models or a neighboring robotics mechanism.,"Prior work usually predicts, ranks, filters, or imitates observed behavior rather than preserving unrealized branches.",The observed outcome is enough to supervise the model.,"Contact mode support, embodiment limits, and deployment perturbations.","Branch collapse, hidden-mode shift, and tail-risk planning failures.",Generic world models and generic uncertainty are crowded.,Robotic belief revision under intervention keeps action-critical alternatives explicit until a physical observation collapses them.
39,doi:10.48550/arxiv.2411.02385,How Far is Video Generation from World Model: A Physical Law Perspective,2024,arXiv (Cornell University),https://doi.org/10.48550/arxiv.2411.02385,Addresses interactive world models or a neighboring robotics mechanism.,"Prior work usually predicts, ranks, filters, or imitates observed behavior rather than preserving unrealized branches.",The observed outcome is enough to supervise the model.,"Contact mode support, embodiment limits, and deployment perturbations.","Branch collapse, hidden-mode shift, and tail-risk planning failures.",Generic world models and generic uncertainty are crowded.,Robotic belief revision under intervention keeps action-critical alternatives explicit until a physical observation collapses them.
40,doi:10.1097/ede.0000000000001313,Insights into the Cross-world Independence Assumption of Causal Mediation Analysis,2021,Epidemiology,https://doi.org/10.1097/ede.0000000000001313,Addresses interactive world models or a neighboring robotics mechanism.,"Prior work usually predicts, ranks, filters, or imitates observed behavior rather than preserving unrealized branches.",The observed outcome is enough to supervise the model.,"Contact mode support, embodiment limits, and deployment perturbations.","Branch collapse, hidden-mode shift, and tail-risk planning failures.",Generic world models and generic uncertainty are crowded.,Robotic belief revision under intervention keeps action-critical alternatives explicit until a physical observation collapses them.
41,doi:10.1093/eschf/xvag155,Comparative Analysis of Randomized versus Real World Populations in Heart Failure: DIAMOND Trial versus CARE-HK Registry,2026,ESC Heart Failure,https://doi.org/10.1093/eschf/xvag155,Addresses interactive world models or a neighboring robotics mechanism.,"Prior work usually predicts, ranks, filters, or imitates observed behavior rather than preserving unrealized branches.",The observed outcome is enough to supervise the model.,"Contact mode support, embodiment limits, and deployment perturbations.","Branch collapse, hidden-mode shift, and tail-risk planning failures.",Generic world models and generic uncertainty are crowded.,Robotic belief revision under intervention keeps action-critical alternatives explicit until a physical observation collapses them.
42,arxiv:2510.09036v1,iMoWM: Taming Interactive Multi-Modal World Model for Robotic Manipulation,2025,arXiv,http://arxiv.org/abs/2510.09036v1,Addresses interactive world models or a neighboring robotics mechanism.,"Prior work usually predicts, ranks, filters, or imitates observed behavior rather than preserving unrealized branches.",The observed outcome is enough to supervise the model.,"Contact mode support, embodiment limits, and deployment perturbations.","Branch collapse, hidden-mode shift, and tail-risk planning failures.",Generic world models and generic uncertainty are crowded.,Robotic belief revision under intervention keeps action-critical alternatives explicit until a physical observation collapses them.
43,doi:10.1371/journal.pcbi.1013028,"Smart epidemic control: A hybrid model blending ODEs and agent-based simulations for optimal, real-world intervention planning",2025,PLOS Computational Biology,https://doi.org/10.1371/journal.pcbi.1013028,Addresses interactive world models or a neighboring robotics mechanism.,"Prior work usually predicts, ranks, filters, or imitates observed behavior rather than preserving unrealized branches.",The observed outcome is enough to supervise the model.,"Contact mode support, embodiment limits, and deployment perturbations.","Branch collapse, hidden-mode shift, and tail-risk planning failures.",Generic world models and generic uncertainty are crowded.,Robotic belief revision under intervention keeps action-critical alternatives explicit until a physical observation collapses them.
44,doi:10.2196/22099,Design Guidelines of a Computer-Based Intervention for Computer Vision Syndrome: Focus Group Study and Real-World Deployment,2021,Journal of Medical Internet Research,https://doi.org/10.2196/22099,Addresses interactive world models or a neighboring robotics mechanism.,"Prior work usually predicts, ranks, filters, or imitates observed behavior rather than preserving unrealized branches.",The observed outcome is enough to supervise the model.,"Contact mode support, embodiment limits, and deployment perturbations.","Branch collapse, hidden-mode shift, and tail-risk planning failures.",Generic world models and generic uncertainty are crowded.,Robotic belief revision under intervention keeps action-critical alternatives explicit until a physical observation collapses them.
45,doi:10.1068/b220649,Interactive multimedia planning support: moving from stand-alone systems to the World Wide Web,1995,Environment and Planning B: Planning and Design,https://doi.org/10.1068/b220649,Addresses interactive world models or a neighboring robotics mechanism.,"Prior work usually predicts, ranks, filters, or imitates observed behavior rather than preserving unrealized branches.",The observed outcome is enough to supervise the model.,"Contact mode support, embodiment limits, and deployment perturbations.","Branch collapse, hidden-mode shift, and tail-risk planning failures.",Generic world models and generic uncertainty are crowded.,Robotic belief revision under intervention keeps action-critical alternatives explicit until a physical observation collapses them.
46,doi:10.1163/18756735-00000174,The Causal Role of Consciousness in a Physical World,2022,Grazer Philosophische Studien,https://doi.org/10.1163/18756735-00000174,Addresses interactive world models or a neighboring robotics mechanism.,"Prior work usually predicts, ranks, filters, or imitates observed behavior rather than preserving unrealized branches.",The observed outcome is enough to supervise the model.,"Contact mode support, embodiment limits, and deployment perturbations.","Branch collapse, hidden-mode shift, and tail-risk planning failures.",Generic world models and generic uncertainty are crowded.,Robotic belief revision under intervention keeps action-critical alternatives explicit until a physical observation collapses them.
47,doi:10.20944/preprints202604.0503.v2,Learning the Physical World from Videos: A Prospective Study on World Models,,,https://doi.org/10.20944/preprints202604.0503.v2,Addresses interactive world models or a neighboring robotics mechanism.,"Prior work usually predicts, ranks, filters, or imitates observed behavior rather than preserving unrealized branches.",The observed outcome is enough to supervise the model.,"Contact mode support, embodiment limits, and deployment perturbations.","Branch collapse, hidden-mode shift, and tail-risk planning failures.",Generic world models and generic uncertainty are crowded.,Robotic belief revision under intervention keeps action-critical alternatives explicit until a physical observation collapses them.
48,doi:10.36227/techrxiv.176106902.20394622/v1,Exploring the Future of Robotics through Physics Informed Vision Based Foundations,,,https://doi.org/10.36227/techrxiv.176106902.20394622/v1,Addresses interactive world models or a neighboring robotics mechanism.,"Prior work usually predicts, ranks, filters, or imitates observed behavior rather than preserving unrealized branches.",The observed outcome is enough to supervise the model.,"Contact mode support, embodiment limits, and deployment perturbations.","Branch collapse, hidden-mode shift, and tail-risk planning failures.",Generic world models and generic uncertainty are crowded.,Robotic belief revision under intervention keeps action-critical alternatives explicit until a physical observation collapses them.
49,doi:10.3390/s26103140,Uncertainty-Calibrated Safety Gating for Vision–Language– Action Manipulation Under Domain Shift: Reliability Gains and Intervention–Efficiency Trade-Offs,2026,Sensors,https://doi.org/10.3390/s26103140,Addresses interactive world models or a neighboring robotics mechanism.,"Prior work usually predicts, ranks, filters, or imitates observed behavior rather than preserving unrealized branches.",The observed outcome is enough to supervise the model.,"Contact mode support, embodiment limits, and deployment perturbations.","Branch collapse, hidden-mode shift, and tail-risk planning failures.",Generic world models and generic uncertainty are crowded.,Robotic belief revision under intervention keeps action-critical alternatives explicit until a physical observation collapses them.
50,doi:10.1186/s41018-020-00073-5,Engineering and humanitarian intervention: learning from failure,2020,Journal of International Humanitarian Action,https://doi.org/10.1186/s41018-020-00073-5,Addresses interactive world models or a neighboring robotics mechanism.,"Prior work usually predicts, ranks, filters, or imitates observed behavior rather than preserving unrealized branches.",The observed outcome is enough to supervise the model.,"Contact mode support, embodiment limits, and deployment perturbations.","Branch collapse, hidden-mode shift, and tail-risk planning failures.",Generic world models and generic uncertainty are crowded.,Robotic belief revision under intervention keeps action-critical alternatives explicit until a physical observation collapses them.
51,arxiv:2603.04363v1,ManipulationNet: An Infrastructure for Benchmarking Real-World Robot Manipulation with Physical Skill Challenges and Embodied Multimodal Reasoning,2026,arXiv,http://arxiv.org/abs/2603.04363v1,Addresses interactive world models or a neighboring robotics mechanism.,"Prior work usually predicts, ranks, filters, or imitates observed behavior rather than preserving unrealized branches.",The observed outcome is enough to supervise the model.,"Contact mode support, embodiment limits, and deployment perturbations.","Branch collapse, hidden-mode shift, and tail-risk planning failures.",Generic world models and generic uncertainty are crowded.,Robotic belief revision under intervention keeps action-critical alternatives explicit until a physical observation collapses them.
52,arxiv:2304.11193v2,Multi-Modal World Model for Physical Robot Interactions: Simultaneous Visual and Tactile Predictions for Enhanced Accuracy,2023,arXiv,http://arxiv.org/abs/2304.11193v2,Addresses interactive world models or a neighboring robotics mechanism.,"Prior work usually predicts, ranks, filters, or imitates observed behavior rather than preserving unrealized branches.",The observed outcome is enough to supervise the model.,"Contact mode support, embodiment limits, and deployment perturbations.","Branch collapse, hidden-mode shift, and tail-risk planning failures.",Generic world models and generic uncertainty are crowded.,Robotic belief revision under intervention keeps action-critical alternatives explicit until a physical observation collapses them.
53,arxiv:2508.04384v1,Incorporating Stochastic Models of Controller Behavior into Kinodynamic Efficiently Adaptive State Lattices for Mobile Robot Motion Planning in Off-Road Environments,2025,arXiv,http://arxiv.org/abs/2508.04384v1,Addresses interactive world models or a neighboring robotics mechanism.,"Prior work usually predicts, ranks, filters, or imitates observed behavior rather than preserving unrealized branches.",The observed outcome is enough to supervise the model.,"Contact mode support, embodiment limits, and deployment perturbations.","Branch collapse, hidden-mode shift, and tail-risk planning failures.",Generic world models and generic uncertainty are crowded.,Robotic belief revision under intervention keeps action-critical alternatives explicit until a physical observation collapses them.
54,doi:10.1561/2300000056,Embodiment in Socially Interactive Robots,2019,arXiv,http://arxiv.org/abs/1912.00312v1,Addresses interactive world models or a neighboring robotics mechanism.,"Prior work usually predicts, ranks, filters, or imitates observed behavior rather than preserving unrealized branches.",The observed outcome is enough to supervise the model.,"Contact mode support, embodiment limits, and deployment perturbations.","Branch collapse, hidden-mode shift, and tail-risk planning failures.",Generic world models and generic uncertainty are crowded.,Robotic belief revision under intervention keeps action-critical alternatives explicit until a physical observation collapses them.
55,doi:10.4330/wjc.v17.i10.110072,Pharmacological interventions to enhance exercise capacity in patients with heart failure,2025,World Journal of Cardiology,https://doi.org/10.4330/wjc.v17.i10.110072,Addresses interactive world models or a neighboring robotics mechanism.,"Prior work usually predicts, ranks, filters, or imitates observed behavior rather than preserving unrealized branches.",The observed outcome is enough to supervise the model.,"Contact mode support, embodiment limits, and deployment perturbations.","Branch collapse, hidden-mode shift, and tail-risk planning failures.",Generic world models and generic uncertainty are crowded.,Robotic belief revision under intervention keeps action-critical alternatives explicit until a physical observation collapses them.
56,doi:10.70777/si.v2i2.14689,Review: Large Language Model-Powered AI Systems Achieve Self-Replication with No Human Intervention,2025,SuperIntelligence - Robotics - Safety & Alignment,https://doi.org/10.70777/si.v2i2.14689,Addresses interactive world models or a neighboring robotics mechanism.,"Prior work usually predicts, ranks, filters, or imitates observed behavior rather than preserving unrealized branches.",The observed outcome is enough to supervise the model.,"Contact mode support, embodiment limits, and deployment perturbations.","Branch collapse, hidden-mode shift, and tail-risk planning failures.",Generic world models and generic uncertainty are crowded.,Robotic belief revision under intervention keeps action-critical alternatives explicit until a physical observation collapses them.
57,doi:10.70777/si.v2i2.14607,Review: Large language Model-Powered AI Systems Achieve Self-Replication with No Human Intervention,2025,SuperIntelligence - Robotics - Safety & Alignment,https://doi.org/10.70777/si.v2i2.14607,Addresses interactive world models or a neighboring robotics mechanism.,"Prior work usually predicts, ranks, filters, or imitates observed behavior rather than preserving unrealized branches.",The observed outcome is enough to supervise the model.,"Contact mode support, embodiment limits, and deployment perturbations.","Branch collapse, hidden-mode shift, and tail-risk planning failures.",Generic world models and generic uncertainty are crowded.,Robotic belief revision under intervention keeps action-critical alternatives explicit until a physical observation collapses them.
58,doi:10.54254/2755-2721/2025.ast27134,Integrating Motion Planning in Vision Language Action Agents,2025,Applied and Computational Engineering,https://doi.org/10.54254/2755-2721/2025.ast27134,Addresses interactive world models or a neighboring robotics mechanism.,"Prior work usually predicts, ranks, filters, or imitates observed behavior rather than preserving unrealized branches.",The observed outcome is enough to supervise the model.,"Contact mode support, embodiment limits, and deployment perturbations.","Branch collapse, hidden-mode shift, and tail-risk planning failures.",Generic world models and generic uncertainty are crowded.,Robotic belief revision under intervention keeps action-critical alternatives explicit until a physical observation collapses them.
59,doi:10.4018/joeuc.409892,Large Language Model–Enabled Decision Support for Complex Project Management,2026,Journal of Organizational and End User Computing,https://doi.org/10.4018/joeuc.409892,Addresses interactive world models or a neighboring robotics mechanism.,"Prior work usually predicts, ranks, filters, or imitates observed behavior rather than preserving unrealized branches.",The observed outcome is enough to supervise the model.,"Contact mode support, embodiment limits, and deployment perturbations.","Branch collapse, hidden-mode shift, and tail-risk planning failures.",Generic world models and generic uncertainty are crowded.,Robotic belief revision under intervention keeps action-critical alternatives explicit until a physical observation collapses them.
60,arxiv:2606.06556v1,Robots Need More than VLA and World Models,2026,arXiv,http://arxiv.org/abs/2606.06556v1,Addresses interactive world models or a neighboring robotics mechanism.,"Prior work usually predicts, ranks, filters, or imitates observed behavior rather than preserving unrealized branches.",The observed outcome is enough to supervise the model.,"Contact mode support, embodiment limits, and deployment perturbations.","Branch collapse, hidden-mode shift, and tail-risk planning failures.",Generic world models and generic uncertainty are crowded.,Robotic belief revision under intervention keeps action-critical alternatives explicit until a physical observation collapses them.
61,doi:10.1145/3319502.3374832,When Humans Aren't Optimal: Robots that Collaborate with Risk-Aware Humans,2020,arXiv,http://arxiv.org/abs/2001.04377v1,Addresses interactive world models or a neighboring robotics mechanism.,"Prior work usually predicts, ranks, filters, or imitates observed behavior rather than preserving unrealized branches.",The observed outcome is enough to supervise the model.,"Contact mode support, embodiment limits, and deployment perturbations.","Branch collapse, hidden-mode shift, and tail-risk planning failures.",Generic world models and generic uncertainty are crowded.,Robotic belief revision under intervention keeps action-critical alternatives explicit until a physical observation collapses them.
62,doi:10.1109/mra.2026.3683252,"When Digital Twins Meet Large Language Models: Realistic, Interactive, and Editable Simulation for Autonomous Driving",2026,IEEE Robotics & Automation Magazine,https://doi.org/10.1109/mra.2026.3683252,Addresses interactive world models or a neighboring robotics mechanism.,"Prior work usually predicts, ranks, filters, or imitates observed behavior rather than preserving unrealized branches.",The observed outcome is enough to supervise the model.,"Contact mode support, embodiment limits, and deployment perturbations.","Branch collapse, hidden-mode shift, and tail-risk planning failures.",Generic world models and generic uncertainty are crowded.,Robotic belief revision under intervention keeps action-critical alternatives explicit until a physical observation collapses them.
63,doi:10.1093/med/9780199680467.003.0016,Evaluation of interventions in the real world,2015,Oxford Medicine Online,https://doi.org/10.1093/med/9780199680467.003.0016,Addresses interactive world models or a neighboring robotics mechanism.,"Prior work usually predicts, ranks, filters, or imitates observed behavior rather than preserving unrealized branches.",The observed outcome is enough to supervise the model.,"Contact mode support, embodiment limits, and deployment perturbations.","Branch collapse, hidden-mode shift, and tail-risk planning failures.",Generic world models and generic uncertainty are crowded.,Robotic belief revision under intervention keeps action-critical alternatives explicit until a physical observation collapses them.
64,arxiv:2604.07430v1,HY-Embodied-0.5: Embodied Foundation Models for Real-World Agents,2026,arXiv,http://arxiv.org/abs/2604.07430v1,Addresses interactive world models or a neighboring robotics mechanism.,"Prior work usually predicts, ranks, filters, or imitates observed behavior rather than preserving unrealized branches.",The observed outcome is enough to supervise the model.,"Contact mode support, embodiment limits, and deployment perturbations.","Branch collapse, hidden-mode shift, and tail-risk planning failures.",Generic world models and generic uncertainty are crowded.,Robotic belief revision under intervention keeps action-critical alternatives explicit until a physical observation collapses them.
65,arxiv:2602.03973v1,VLS: Steering Pretrained Robot Policies via Vision-Language Models,2026,arXiv,http://arxiv.org/abs/2602.03973v1,Addresses interactive world models or a neighboring robotics mechanism.,"Prior work usually predicts, ranks, filters, or imitates observed behavior rather than preserving unrealized branches.",The observed outcome is enough to supervise the model.,"Contact mode support, embodiment limits, and deployment perturbations.","Branch collapse, hidden-mode shift, and tail-risk planning failures.",Generic world models and generic uncertainty are crowded.,Robotic belief revision under intervention keeps action-critical alternatives explicit until a physical observation collapses them.
66,arxiv:2603.12510v3,Red-Teaming Vision-Language-Action Models via Quality Diversity Prompt Generation for Robust Robot Policies,2026,arXiv,http://arxiv.org/abs/2603.12510v3,Addresses interactive world models or a neighboring robotics mechanism.,"Prior work usually predicts, ranks, filters, or imitates observed behavior rather than preserving unrealized branches.",The observed outcome is enough to supervise the model.,"Contact mode support, embodiment limits, and deployment perturbations.","Branch collapse, hidden-mode shift, and tail-risk planning failures.",Generic world models and generic uncertainty are crowded.,Robotic belief revision under intervention keeps action-critical alternatives explicit until a physical observation collapses them.
67,doi:10.3389/frobt.2023.1149439,Epistemic planning for multi-robot systems in communication-restricted environments,2023,Frontiers in Robotics and AI,https://doi.org/10.3389/frobt.2023.1149439,Addresses interactive world models or a neighboring robotics mechanism.,"Prior work usually predicts, ranks, filters, or imitates observed behavior rather than preserving unrealized branches.",The observed outcome is enough to supervise the model.,"Contact mode support, embodiment limits, and deployment perturbations.","Branch collapse, hidden-mode shift, and tail-risk planning failures.",Generic world models and generic uncertainty are crowded.,Robotic belief revision under intervention keeps action-critical alternatives explicit until a physical observation collapses them.
68,doi:10.1186/1741-7015-8-63,"Normalisation process theory: a framework for developing, evaluating and implementing complex interventions",2010,BMC Medicine,https://doi.org/10.1186/1741-7015-8-63,Addresses interactive world models or a neighboring robotics mechanism.,"Prior work usually predicts, ranks, filters, or imitates observed behavior rather than preserving unrealized branches.",The observed outcome is enough to supervise the model.,"Contact mode support, embodiment limits, and deployment perturbations.","Branch collapse, hidden-mode shift, and tail-risk planning failures.",Generic world models and generic uncertainty are crowded.,Robotic belief revision under intervention keeps action-critical alternatives explicit until a physical observation collapses them.
69,title:robots need more than vla and world models,Robots Need More than VLA and World Models,2026,arXiv (Cornell University),https://openalex.org/W7164090348,Addresses interactive world models or a neighboring robotics mechanism.,"Prior work usually predicts, ranks, filters, or imitates observed behavior rather than preserving unrealized branches.",The observed outcome is enough to supervise the model.,"Contact mode support, embodiment limits, and deployment perturbations.","Branch collapse, hidden-mode shift, and tail-risk planning failures.",Generic world models and generic uncertainty are crowded.,Robotic belief revision under intervention keeps action-critical alternatives explicit until a physical observation collapses them.
70,doi:10.52783/jisem.v10i50s.10219,Self-Supervised Learning for Generalizable AI: Bridging the Gap Between Pretraining and Real-World Deployment,2025,Journal of Information Systems Engineering and Management,https://doi.org/10.52783/jisem.v10i50s.10219,Addresses interactive world models or a neighboring robotics mechanism.,"Prior work usually predicts, ranks, filters, or imitates observed behavior rather than preserving unrealized branches.",The observed outcome is enough to supervise the model.,"Contact mode support, embodiment limits, and deployment perturbations.","Branch collapse, hidden-mode shift, and tail-risk planning failures.",Generic world models and generic uncertainty are crowded.,Robotic belief revision under intervention keeps action-critical alternatives explicit until a physical observation collapses them.
71,arxiv:1910.11683v1,Task-Motion Planning for Navigation in Belief Space,2019,arXiv,http://arxiv.org/abs/1910.11683v1,Addresses interactive world models or a neighboring robotics mechanism.,"Prior work usually predicts, ranks, filters, or imitates observed behavior rather than preserving unrealized branches.",The observed outcome is enough to supervise the model.,"Contact mode support, embodiment limits, and deployment perturbations.","Branch collapse, hidden-mode shift, and tail-risk planning failures.",Generic world models and generic uncertainty are crowded.,Robotic belief revision under intervention keeps action-critical alternatives explicit until a physical observation collapses them.
72,arxiv:2511.05540v3,Constructing the Umwelt: Cognitive Planning through Belief-Intent Co-Evolution,2025,arXiv,http://arxiv.org/abs/2511.05540v3,Addresses interactive world models or a neighboring robotics mechanism.,"Prior work usually predicts, ranks, filters, or imitates observed behavior rather than preserving unrealized branches.",The observed outcome is enough to supervise the model.,"Contact mode support, embodiment limits, and deployment perturbations.","Branch collapse, hidden-mode shift, and tail-risk planning failures.",Generic world models and generic uncertainty are crowded.,Robotic belief revision under intervention keeps action-critical alternatives explicit until a physical observation collapses them.
73,arxiv:2606.12217v1,Making Foresight Actionable: Repurposing Representation Alignment in World Action Models,2026,arXiv,http://arxiv.org/abs/2606.12217v1,Addresses interactive world models or a neighboring robotics mechanism.,"Prior work usually predicts, ranks, filters, or imitates observed behavior rather than preserving unrealized branches.",The observed outcome is enough to supervise the model.,"Contact mode support, embodiment limits, and deployment perturbations.","Branch collapse, hidden-mode shift, and tail-risk planning failures.",Generic world models and generic uncertainty are crowded.,Robotic belief revision under intervention keeps action-critical alternatives explicit until a physical observation collapses them.
74,arxiv:2505.10547v2,Real-Time Out-of-Distribution Failure Prevention via Multi-Modal Reasoning,2025,arXiv,http://arxiv.org/abs/2505.10547v2,Addresses interactive world models or a neighboring robotics mechanism.,"Prior work usually predicts, ranks, filters, or imitates observed behavior rather than preserving unrealized branches.",The observed outcome is enough to supervise the model.,"Contact mode support, embodiment limits, and deployment perturbations.","Branch collapse, hidden-mode shift, and tail-risk planning failures.",Generic world models and generic uncertainty are crowded.,Robotic belief revision under intervention keeps action-critical alternatives explicit until a physical observation collapses them.
75,arxiv:2602.23545v2,Planning under Distribution Shifts with Causal POMDPs,2026,arXiv,http://arxiv.org/abs/2602.23545v2,Addresses interactive world models or a neighboring robotics mechanism.,"Prior work usually predicts, ranks, filters, or imitates observed behavior rather than preserving unrealized branches.",The observed outcome is enough to supervise the model.,"Contact mode support, embodiment limits, and deployment perturbations.","Branch collapse, hidden-mode shift, and tail-risk planning failures.",Generic world models and generic uncertainty are crowded.,Robotic belief revision under intervention keeps action-critical alternatives explicit until a physical observation collapses them.
76,arxiv:2502.14420v2,ChatVLA: Unified Multimodal Understanding and Robot Control with Vision-Language-Action Model,2025,arXiv,http://arxiv.org/abs/2502.14420v2,Addresses interactive world models or a neighboring robotics mechanism.,"Prior work usually predicts, ranks, filters, or imitates observed behavior rather than preserving unrealized branches.",The observed outcome is enough to supervise the model.,"Contact mode support, embodiment limits, and deployment perturbations.","Branch collapse, hidden-mode shift, and tail-risk planning failures.",Generic world models and generic uncertainty are crowded.,Robotic belief revision under intervention keeps action-critical alternatives explicit until a physical observation collapses them.
77,doi:10.5040/9798216411574.ch-5,How Does a University Revise Its Business Model? Are We Getting into the World of Business Continuity Planning?,2021,Resolving the Crisis in Higher Education,https://doi.org/10.5040/9798216411574.ch-5,Addresses interactive world models or a neighboring robotics mechanism.,"Prior work usually predicts, ranks, filters, or imitates observed behavior rather than preserving unrealized branches.",The observed outcome is enough to supervise the model.,"Contact mode support, embodiment limits, and deployment perturbations.","Branch collapse, hidden-mode shift, and tail-risk planning failures.",Generic world models and generic uncertainty are crowded.,Robotic belief revision under intervention keeps action-critical alternatives explicit until a physical observation collapses them.
78,arxiv:2312.13545v2,Developing Interactive Tourism Planning: A Dialogue Robot System Powered by a Large Language Model,2023,arXiv,http://arxiv.org/abs/2312.13545v2,Addresses interactive world models or a neighboring robotics mechanism.,"Prior work usually predicts, ranks, filters, or imitates observed behavior rather than preserving unrealized branches.",The observed outcome is enough to supervise the model.,"Contact mode support, embodiment limits, and deployment perturbations.","Branch collapse, hidden-mode shift, and tail-risk planning failures.",Generic world models and generic uncertainty are crowded.,Robotic belief revision under intervention keeps action-critical alternatives explicit until a physical observation collapses them.
79,doi:10.1016/b978-0-12-815874-6.00038-1,Persistent failure? International interventions since World War II,2021,The Handbook of Historical Economics,https://doi.org/10.1016/b978-0-12-815874-6.00038-1,Addresses interactive world models or a neighboring robotics mechanism.,"Prior work usually predicts, ranks, filters, or imitates observed behavior rather than preserving unrealized branches.",The observed outcome is enough to supervise the model.,"Contact mode support, embodiment limits, and deployment perturbations.","Branch collapse, hidden-mode shift, and tail-risk planning failures.",Generic world models and generic uncertainty are crowded.,Robotic belief revision under intervention keeps action-critical alternatives explicit until a physical observation collapses them.
80,doi:10.12998/wjcc.v12.i22.4956,Risk factors for secondary infection after liver failure and effect of comprehensive nursing intervention,2024,World Journal of Clinical Cases,https://doi.org/10.12998/wjcc.v12.i22.4956,Addresses interactive world models or a neighboring robotics mechanism.,"Prior work usually predicts, ranks, filters, or imitates observed behavior rather than preserving unrealized branches.",The observed outcome is enough to supervise the model.,"Contact mode support, embodiment limits, and deployment perturbations.","Branch collapse, hidden-mode shift, and tail-risk planning failures.",Generic world models and generic uncertainty are crowded.,Robotic belief revision under intervention keeps action-critical alternatives explicit until a physical observation collapses them.
81,doi:10.1525/gp.2024.116175,The Failure of Constructive Collective Action When We Need It Most,2024,Global Perspectives,https://doi.org/10.1525/gp.2024.116175,Addresses interactive world models or a neighboring robotics mechanism.,"Prior work usually predicts, ranks, filters, or imitates observed behavior rather than preserving unrealized branches.",The observed outcome is enough to supervise the model.,"Contact mode support, embodiment limits, and deployment perturbations.","Branch collapse, hidden-mode shift, and tail-risk planning failures.",Generic world models and generic uncertainty are crowded.,Robotic belief revision under intervention keeps action-critical alternatives explicit until a physical observation collapses them.
82,arxiv:2112.05299v1,Zero-Shot Uncertainty-Aware Deployment of Simulation Trained Policies on Real-World Robots,2021,arXiv,http://arxiv.org/abs/2112.05299v1,Addresses interactive world models or a neighboring robotics mechanism.,"Prior work usually predicts, ranks, filters, or imitates observed behavior rather than preserving unrealized branches.",The observed outcome is enough to supervise the model.,"Contact mode support, embodiment limits, and deployment perturbations.","Branch collapse, hidden-mode shift, and tail-risk planning failures.",Generic world models and generic uncertainty are crowded.,Robotic belief revision under intervention keeps action-critical alternatives explicit until a physical observation collapses them.
83,doi:10.48550/arxiv.2206.14176,DayDreamer: World Models for Physical Robot Learning,2022,arXiv (Cornell University),https://doi.org/10.48550/arxiv.2206.14176,Addresses interactive world models or a neighboring robotics mechanism.,"Prior work usually predicts, ranks, filters, or imitates observed behavior rather than preserving unrealized branches.",The observed outcome is enough to supervise the model.,"Contact mode support, embodiment limits, and deployment perturbations.","Branch collapse, hidden-mode shift, and tail-risk planning failures.",Generic world models and generic uncertainty are crowded.,Robotic belief revision under intervention keeps action-critical alternatives explicit until a physical observation collapses them.
84,doi:10.21203/rs.3.rs-9323275/v1,DMES: Information-Equivalent Evaluation Reveals the Physical Reasoning Gap Between World Models and Language Models,,,https://doi.org/10.21203/rs.3.rs-9323275/v1,Addresses interactive world models or a neighboring robotics mechanism.,"Prior work usually predicts, ranks, filters, or imitates observed behavior rather than preserving unrealized branches.",The observed outcome is enough to supervise the model.,"Contact mode support, embodiment limits, and deployment perturbations.","Branch collapse, hidden-mode shift, and tail-risk planning failures.",Generic world models and generic uncertainty are crowded.,Robotic belief revision under intervention keeps action-critical alternatives explicit until a physical observation collapses them.
85,doi:10.2139/ssrn.6437442,From Next-word to Next-World Prediction: Mapping Foundation Model Modalities to Operations Management Tasks,,,https://doi.org/10.2139/ssrn.6437442,Addresses interactive world models or a neighboring robotics mechanism.,"Prior work usually predicts, ranks, filters, or imitates observed behavior rather than preserving unrealized branches.",The observed outcome is enough to supervise the model.,"Contact mode support, embodiment limits, and deployment perturbations.","Branch collapse, hidden-mode shift, and tail-risk planning failures.",Generic world models and generic uncertainty are crowded.,Robotic belief revision under intervention keeps action-critical alternatives explicit until a physical observation collapses them.
86,doi:10.31219/osf.io/r85p2,The Inherent Limitation of Model Based Approach of Physical Sciences to Understand Universe,,,https://doi.org/10.31219/osf.io/r85p2,Addresses interactive world models or a neighboring robotics mechanism.,"Prior work usually predicts, ranks, filters, or imitates observed behavior rather than preserving unrealized branches.",The observed outcome is enough to supervise the model.,"Contact mode support, embodiment limits, and deployment perturbations.","Branch collapse, hidden-mode shift, and tail-risk planning failures.",Generic world models and generic uncertainty are crowded.,Robotic belief revision under intervention keeps action-critical alternatives explicit until a physical observation collapses them.
87,doi:10.56028/aetr.15.1.1423.2025,RT-2: Vision-Language-Action Models for Generalizable Robotic Control: A Comprehensive Review,2025,Advances in Engineering Technology Research,https://doi.org/10.56028/aetr.15.1.1423.2025,Addresses interactive world models or a neighboring robotics mechanism.,"Prior work usually predicts, ranks, filters, or imitates observed behavior rather than preserving unrealized branches.",The observed outcome is enough to supervise the model.,"Contact mode support, embodiment limits, and deployment perturbations.","Branch collapse, hidden-mode shift, and tail-risk planning failures.",Generic world models and generic uncertainty are crowded.,Robotic belief revision under intervention keeps action-critical alternatives explicit until a physical observation collapses them.
88,doi:10.1080/01691864.2019.1589570,"Assessing the effect of persuasive robots interactive social cues on users’ psychological reactance, liking, trusting beliefs and compliance",2019,Advanced Robotics,https://doi.org/10.1080/01691864.2019.1589570,Addresses interactive world models or a neighboring robotics mechanism.,"Prior work usually predicts, ranks, filters, or imitates observed behavior rather than preserving unrealized branches.",The observed outcome is enough to supervise the model.,"Contact mode support, embodiment limits, and deployment perturbations.","Branch collapse, hidden-mode shift, and tail-risk planning failures.",Generic world models and generic uncertainty are crowded.,Robotic belief revision under intervention keeps action-critical alternatives explicit until a physical observation collapses them.
89,doi:10.1177/0278364912456319,Motion planning under uncertainty using iterative local optimization in belief space,2012,The International Journal of Robotics Research,https://doi.org/10.1177/0278364912456319,Addresses interactive world models or a neighboring robotics mechanism.,"Prior work usually predicts, ranks, filters, or imitates observed behavior rather than preserving unrealized branches.",The observed outcome is enough to supervise the model.,"Contact mode support, embodiment limits, and deployment perturbations.","Branch collapse, hidden-mode shift, and tail-risk planning failures.",Generic world models and generic uncertainty are crowded.,Robotic belief revision under intervention keeps action-critical alternatives explicit until a physical observation collapses them.
90,doi:10.1167/12.9.368,"Action video game players resist oculomotor capture, but only when told to do so",2012,Journal of Vision,https://doi.org/10.1167/12.9.368,Addresses interactive world models or a neighboring robotics mechanism.,"Prior work usually predicts, ranks, filters, or imitates observed behavior rather than preserving unrealized branches.",The observed outcome is enough to supervise the model.,"Contact mode support, embodiment limits, and deployment perturbations.","Branch collapse, hidden-mode shift, and tail-risk planning failures.",Generic world models and generic uncertainty are crowded.,Robotic belief revision under intervention keeps action-critical alternatives explicit until a physical observation collapses them.
91,arxiv:2602.02393v2,Infinite-World: Scaling Interactive World Models to 1000-Frame Horizons via Pose-Free Hierarchical Memory,2026,arXiv,http://arxiv.org/abs/2602.02393v2,Addresses interactive world models or a neighboring robotics mechanism.,"Prior work usually predicts, ranks, filters, or imitates observed behavior rather than preserving unrealized branches.",The observed outcome is enough to supervise the model.,"Contact mode support, embodiment limits, and deployment perturbations.","Branch collapse, hidden-mode shift, and tail-risk planning failures.",Generic world models and generic uncertainty are crowded.,Robotic belief revision under intervention keeps action-critical alternatives explicit until a physical observation collapses them.
92,arxiv:2511.06136v2,"When Object-Centric World Models Meet Policy Learning: From Pixels to Policies, and Where It Breaks",2025,arXiv,http://arxiv.org/abs/2511.06136v2,Addresses interactive world models or a neighboring robotics mechanism.,"Prior work usually predicts, ranks, filters, or imitates observed behavior rather than preserving unrealized branches.",The observed outcome is enough to supervise the model.,"Contact mode support, embodiment limits, and deployment perturbations.","Branch collapse, hidden-mode shift, and tail-risk planning failures.",Generic world models and generic uncertainty are crowded.,Robotic belief revision under intervention keeps action-critical alternatives explicit until a physical observation collapses them.
93,arxiv:2602.08995v1,When Actions Go Off-Task: Detecting and Correcting Misaligned Actions in Computer-Use Agents,2026,arXiv,http://arxiv.org/abs/2602.08995v1,Addresses interactive world models or a neighboring robotics mechanism.,"Prior work usually predicts, ranks, filters, or imitates observed behavior rather than preserving unrealized branches.",The observed outcome is enough to supervise the model.,"Contact mode support, embodiment limits, and deployment perturbations.","Branch collapse, hidden-mode shift, and tail-risk planning failures.",Generic world models and generic uncertainty are crowded.,Robotic belief revision under intervention keeps action-critical alternatives explicit until a physical observation collapses them.
94,arxiv:2512.00797v1,Transforming Monolithic Foundation Models into Embodied Multi-Agent Architectures for Human-Robot Collaboration,2025,arXiv,http://arxiv.org/abs/2512.00797v1,Addresses interactive world models or a neighboring robotics mechanism.,"Prior work usually predicts, ranks, filters, or imitates observed behavior rather than preserving unrealized branches.",The observed outcome is enough to supervise the model.,"Contact mode support, embodiment limits, and deployment perturbations.","Branch collapse, hidden-mode shift, and tail-risk planning failures.",Generic world models and generic uncertainty are crowded.,Robotic belief revision under intervention keeps action-critical alternatives explicit until a physical observation collapses them.
95,doi:10.2224/sbp.2012.40.3.433,"Causal Attributions of Workplace Gender Equality, Just World Belief, and the Self/Other Distinction",2012,Social Behavior and Personality: an international journal,https://doi.org/10.2224/sbp.2012.40.3.433,Addresses interactive world models or a neighboring robotics mechanism.,"Prior work usually predicts, ranks, filters, or imitates observed behavior rather than preserving unrealized branches.",The observed outcome is enough to supervise the model.,"Contact mode support, embodiment limits, and deployment perturbations.","Branch collapse, hidden-mode shift, and tail-risk planning failures.",Generic world models and generic uncertainty are crowded.,Robotic belief revision under intervention keeps action-critical alternatives explicit until a physical observation collapses them.
96,arxiv:2509.15876v1,High-Bandwidth Tactile-Reactive Control for Grasp Adjustment,2025,arXiv,http://arxiv.org/abs/2509.15876v1,Addresses interactive world models or a neighboring robotics mechanism.,"Prior work usually predicts, ranks, filters, or imitates observed behavior rather than preserving unrealized branches.",The observed outcome is enough to supervise the model.,"Contact mode support, embodiment limits, and deployment perturbations.","Branch collapse, hidden-mode shift, and tail-risk planning failures.",Generic world models and generic uncertainty are crowded.,Robotic belief revision under intervention keeps action-critical alternatives explicit until a physical observation collapses them.
97,arxiv:2305.09793v1,Reinforcement Learning for Safe Robot Control using Control Lyapunov Barrier Functions,2023,arXiv,http://arxiv.org/abs/2305.09793v1,Addresses interactive world models or a neighboring robotics mechanism.,"Prior work usually predicts, ranks, filters, or imitates observed behavior rather than preserving unrealized branches.",The observed outcome is enough to supervise the model.,"Contact mode support, embodiment limits, and deployment perturbations.","Branch collapse, hidden-mode shift, and tail-risk planning failures.",Generic world models and generic uncertainty are crowded.,Robotic belief revision under intervention keeps action-critical alternatives explicit until a physical observation collapses them.
98,doi:10.3390/drones8120719,Extending Conflict-Based Search for Optimal and Efficient Quadrotor Swarm Motion Planning,2024,Drones,https://doi.org/10.3390/drones8120719,Addresses interactive world models or a neighboring robotics mechanism.,"Prior work usually predicts, ranks, filters, or imitates observed behavior rather than preserving unrealized branches.",The observed outcome is enough to supervise the model.,"Contact mode support, embodiment limits, and deployment perturbations.","Branch collapse, hidden-mode shift, and tail-risk planning failures.",Generic world models and generic uncertainty are crowded.,Robotic belief revision under intervention keeps action-critical alternatives explicit until a physical observation collapses them.
99,doi:10.3390/brainsci13050717,A Comprehensive Review of Physical Therapy Interventions for Stroke Rehabilitation: Impairment-Based Approaches and Functional Goals,2023,Brain Sciences,https://doi.org/10.3390/brainsci13050717,Addresses interactive world models or a neighboring robotics mechanism.,"Prior work usually predicts, ranks, filters, or imitates observed behavior rather than preserving unrealized branches.",The observed outcome is enough to supervise the model.,"Contact mode support, embodiment limits, and deployment perturbations.","Branch collapse, hidden-mode shift, and tail-risk planning failures.",Generic world models and generic uncertainty are crowded.,Robotic belief revision under intervention keeps action-critical alternatives explicit until a physical observation collapses them.
100,doi:10.1007/s12369-019-00578-z,ZORA Robot Based Interventions to Achieve Therapeutic and Educational Goals in Children with Severe Physical Disabilities,2019,International Journal of Social Robotics,https://doi.org/10.1007/s12369-019-00578-z,Addresses interactive world models or a neighboring robotics mechanism.,"Prior work usually predicts, ranks, filters, or imitates observed behavior rather than preserving unrealized branches.",The observed outcome is enough to supervise the model.,"Contact mode support, embodiment limits, and deployment perturbations.","Branch collapse, hidden-mode shift, and tail-risk planning failures.",Generic world models and generic uncertainty are crowded.,Robotic belief revision under intervention keeps action-critical alternatives explicit until a physical observation collapses them.
